{
  "test_0.5": {
    "thresholds": [
      0.5,
      0.5,
      0.5,
      0.5,
      0.5
    ],
    "f1_per_horizon": [
      0.0,
      0.0,
      0.0,
      0.0,
      0.0
    ],
    "auc_per_horizon": [
      0.9566,
      0.9447,
      0.9281,
      0.887,
      0.8025
    ],
    "f1_mean": 0.0,
    "auc_mean": 0.903791469194313,
    "f1_t5": 0.0,
    "auc_t5": 0.8025276461295419,
    "loss": 2.070416642207017
  },
  "test_tuned": {
    "thresholds": [
      0.23,
      0.235,
      0.52,
      0.435,
      0.445
    ],
    "f1_per_horizon": [
      0.4211,
      0.2105,
      0.0,
      0.0,
      0.0
    ],
    "auc_per_horizon": [
      0.9566,
      0.9447,
      0.9281,
      0.887,
      0.8025
    ],
    "f1_mean": 0.12631578947368421,
    "auc_mean": 0.903791469194313,
    "f1_t5": 0.0,
    "auc_t5": 0.8025276461295419,
    "loss": 2.070416642207017
  }
}